Actual,Predicted
118.0845,109.09789200000002
106.3585,106.30445399999999
95.0554,105.34660699999993
97.0899,107.55290100000002
114.1461,110.98194600000001
98.1402,106.33475499999999
103.7113,109.795997
114.5113,105.44500800000002
105.0537,108.81632699999996
106.95,104.42398599999997
